<?xml version="1.0" encoding="UTF-8"?>
<!DOCTYPE mapper PUBLIC "-//mybatis.org//DTD Mapper 3.0//EN" "http://mybatis.org/dtd/mybatis-3-mapper.dtd">
<mapper namespace="com.activillage.user.review.dao.ReviewDAO">

	<!-- 해당 상품 번호에 대한 댓글 전체 조회 -->
	<select id="reviewList" parameterType="goodsReview"
		resultType="goodsReview">
		<![CDATA[select r_no,u_email, r_content, r_grade, to_char(r_date,'yyyy-mm-dd') 
		as r_date, g_no
		from 
		( select list.*, ROWNUM as RNUM
		from ( select *
		from act_review
		where g_no = #{g_no}
		order by r_no desc
		) list
		) ]]>
		<where>
			<if test="start_row != null and start_row != ''">
				<if test="end_row != null and end_row != ''">
					RNUM BETWEEN #{start_row} AND #{end_row}
				</if>
			</if>
		</where>
	</select>

	<!-- 댓글 등록 -->
	<insert id="reviewWrite">
		<selectKey keyProperty="r_no" resultType="int"
			order="BEFORE">
			select act_review_seq.nextval from dual
		</selectKey>

		insert into act_review(
		r_no, g_no, u_email, r_content, r_grade, r_date
		)values(
		#{r_no}, #{g_no}, #{u_email}, #{r_content}, #{r_grade},
		sysdate
		)
	</insert>

	<!-- 리뷰에 따른 상품 평점 업데이트 -->
	<select id="gradeSelect" parameterType="goodsReview"
		resultType="goodsReview">
		select round(avg(r_grade),1) as r_grade, g_no from
		act_review where g_no=#{g_no}
		group by g_no
	</select>

	<update id="grageUpdate" parameterType="goodsReview">
		update act_goods set
		g_grade=#{r_grade} where g_no=#{g_no}
	</update>

	<!-- 리뷰 삭제 -->
	<delete id="reviewDelete">
		delete act_review where r_no = #{r_no}
	</delete>

	<!-- 리뷰 총 갯수 -->
	<select id="reviewListCnt" parameterType="goodsReview"
		resultType="int">
		select NVL(count(1), 0) from
		( select list.*, ROWNUM AS RNUM
		FROM (
		select *
		from act_review
		where g_no = #{g_no}
		order by r_no desc
		)
		list
		)
	</select>
</mapper>