<?xml version="1.0" encoding="UTF-8"?>
<!DOCTYPE mapper PUBLIC "-//mybatis.org//DTD Mapper 3.0//EN" "http://mybatis.org/dtd/mybatis-3-mapper.dtd">
<mapper namespace="com.activillage.user.inquiry.dao.InquiryDao">
	<!-- 문의사항 기본조회 -->
	<select id="inquiryList"
		parameterType="com.activillage.user.inquiry.vo.InquiryVO"
		resultType="inquiry">
		select s_q_no,s_q_title from
		( SELECT list.*,ROWNUM AS RNUM
		FROM (select
		* from
		act_s_question
		<if test="keyword =='user'">
			where u_email = #{u_email}
		</if>
		) list
		)
		<where>
			<if test="start_row != null and start_row != ''">
				<if test="end_row != null and end_row != ''">
					RNUM BETWEEN #{start_row} AND #{end_row}
				</if>
			</if>
		</where>
	</select>
	<!-- 문의사항 등록 -->
	<insert id="inquiryRegi" parameterType="inquiry">
		<selectKey keyProperty="s_q_no" resultType="int"
			order="BEFORE">
			select act_s_question_seq.nextval from dual
		</selectKey>
		insert into act_s_question(s_q_no, u_email, s_q_title, s_q_content)
		values(#{s_q_no}, #{u_email}, #{s_q_title}, #{s_q_content})
	</insert>

	<!-- 문의사항 삭제 -->
	<delete id="inquiryDelete" parameterType="inquiry">
		delete from
		act_s_question where s_q_no = #{s_q_no}
	</delete>

	<!-- 상세 페이지를 위한 문의사항 조회 -->
	<select id="inquiryDetail" parameterType="int"
		resultType="inquiry">
		select s_q_no, u_email, s_q_title, s_q_content,
		to_char(s_q_date, 'YYYY-MM-DD') AS s_q_date
		from
		act_s_question
		where
		s_q_no = #{s_q_no}
	</select>

	<!-- 페이징 -->
	<select id="inquiryListCnt" parameterType="inquiry"
		resultType="int">
		SELECT NVL(count(1), 0) FROM
		( SELECT list.*,ROWNUM AS RNUM
		FROM (select
		* from
		act_s_question
		<if test="keyword =='user'">
			where u_email = #{u_email}
		</if>
		) list
		)
	</select>
</mapper>

