<?xml version="1.0" encoding="UTF-8"?>
<!DOCTYPE mapper PUBLIC "-//mybatis.org//DTD Mapper 3.0//EN" "http://mybatis.org/dtd/mybatis-3-mapper.dtd">
<mapper namespace="com.activillage.user.notice.dao.NoticeDao">
	<sql id="noticeCommon"> select n_no, m_no, n_title, n_content, n_date
		from
		act_notice
	</sql>
	<!-- 공지사항 기본조회 -->
	<select id="noticeList" resultType="notice">
		select n_no, n_title,
		n_content from act_notice order by n_no desc
	</select>

	<!-- 공지 상세보기 -->
	<select id="noticeDetail" parameterType="int"
		resultType="notice">
		select * from act_notice
		where n_no=#{n_no}
	</select>
	
	<!-- 공지사항 등록 -->
	<insert id="noticeRegi" parameterType="notice">
		<selectKey keyProperty="n_no" resultType="int"
			order="BEFORE">
			select act_notice_seq.nextval from dual
		</selectKey>
		insert into act_notice(n_no,m_no, n_title, n_content)
		values(#{n_no},#{m_no},
		#{n_title}, #{n_content})
	</insert>
	
	<!-- 공지 수정 -->
	<update id="noticeUpdate" parameterType="notice">
		update act_notice
		set n_title = #{n_title},
		n_content = #{n_content}
		where n_no = #{n_no}
	</update>
	
	<!-- 공지 삭제 -->
	<delete id="noticeDelete" parameterType="notice">
		delete from act_notice where n_no = #{n_no}
	</delete>
</mapper>