<?xml version="1.0" encoding="UTF-8"?>
<!DOCTYPE mapper PUBLIC "-//mybatis.org//DTD Mapper 3.0//EN" "http://mybatis.org/dtd/mybatis-3-mapper.dtd">
<mapper
	namespace="com.activillage.seller.reservation.dao.ReservationDao">

	<!-- (종륜)예약 전체 갯수 12월 25일 추가하였음 -->
	<select id="sellerReservationCnt" parameterType="reservation"
		resultType="int">
		select NVL(count(1),0) from (select list.*, ROWNUM AS RUNM
		from (
		select b.b_no, b.b_bday, g.g_name, p.p_name, b.b_tamount,
		b.u_name, u.u_phone, g.s_email
		from act_goods g, act_package p,
		act_book b, act_user u
		where g.g_no = p.g_no and p.p_no = b.p_no and
		b.u_name = u.u_name and g.s_email = #{s_email}
		order by b_no desc
		)list
		)
	</select>

	<!-- (종륜)예약 리스트 12월 25일 추가하였음 -->
	<!-- <select id="sellerReservationList" parameterType="reservation" resultType="reservation"> 
		select list.*, ROWNUM as RNUM from (select to_char(b.b_bday, 'YYYY-MM-DD') 
		as b_bday, g.g_name, p.p_name, b.b_tamount, b.u_name, u.u_phone, g.s_email 
		from act_goods g, act_package p, act_book b, act_user u where g.g_no = p.g_no 
		and p.p_no = b.p_no and b.u_name = u.u_name and g.s_email = #{s_email} ) 
		list <choose> <when test="order_by=='b_bday'"> order by b_bday </when> </choose> 
		<choose> <when test="order_sc=='ASC'"> ASC </when> <when test="order_sc=='DESC'"> 
		DESC </when> </choose> <where> <if test="start_row != null and start_row 
		!= ''"> <if test="end_row != null and end_row != ''"> RNUM BETWEEN #{start_row} 
		AND #{end_row} </if> </if> </where> </select> -->
	<select id="sellerReservationList" parameterType="reservation"
		resultType="reservation">
		select b_bday,g_name,p_name,b_tamount,u_name,u_phone,s_email, b_cday from
		(select list.*, rownum as rnum from (
		select to_char(b.b_bday,
		'YYYY-MM-DD') as b_bday,
		g.g_name,
		p.p_name, b.b_tamount,
		b.u_name,
		u.u_phone, g.s_email, to_char(b.b_cday, 'YYYY-MM-DD')as b_cday from
		act_goods g, act_package p, act_book b,
		act_user u
		where g.g_no = p.g_no
		and p.p_no = b.p_no and b.u_name =
		u.u_name and g.s_email =
		#{s_email}
		<choose>
			<when test="order_by=='b_bday'"> order by b_bday </when>
		</choose>
		<choose>
			<when test="order_sc=='ASC'"> ASC </when>
			<when test="order_sc=='DESC'">
				DESC
			</when>
		</choose>
		)
		list)
		<where>
			<if test="start_row != null and start_row != ''">
				<if test="end_row != null and end_row != ''">
					RNUM BETWEEN #{start_row} AND #{end_row}
				</if>
			</if>
		</where>
	</select>
</mapper>