<?xml version="1.0" encoding="UTF-8"?>
<!DOCTYPE mapper PUBLIC "-//mybatis.org//DTD Mapper 3.0//EN" "http://mybatis.org/dtd/mybatis-3-mapper.dtd">

<mapper namespace="com.activillage.user.join.dao.UserJoinDAO">

	<select id="userSelect" parameterType="String" resultType="user">
		select * from act_user
		where u_email = #{u_email}
	</select>

	<insert id="userInsert">
		<selectKey keyProperty="u_no" resultType="int"
			order="BEFORE">
			select act_user_seq.nextval from dual
		</selectKey>
		insert into act_user(u_no, u_email, u_pw, u_name, u_birth, u_phone)
		values(#{u_no}, #{u_email}, #{u_pw}, #{u_name}, #{u_birth},
		#{u_phone})
	</insert>

	<update id="userUpdate" parameterType="user">
		update act_user set
		u_phone = #{u_phone}
		where u_email = #{u_email}
	</update>
</mapper>