<?xml version="1.0" encoding="UTF-8"?>
<!DOCTYPE configuration PUBLIC "-//mybatis.org//DTD Config 3.0//EN" "http://mybatis.org/dtd/mybatis-3-config.dtd">
<configuration>
	<typeAliases>
		<typeAlias type="com.activillage.manager.manager.vo.ManagerJoinVO" alias="manager"/>
		<typeAlias type="com.activillage.seller.join.vo.SellerJoinVO" alias="seller"/>
		<typeAlias type="com.activillage.user.join.vo.UserJoinVO" alias="user"/>
		<typeAlias type="com.activillage.user.goodslist.vo.GoodsListVO" alias="goodsList"/>
		<!-- 상품관리, 패키지관리  -->
		<typeAlias type="com.activillage.seller.goods.vo.GoodsVO" alias="goods"/>
		<typeAlias type="com.activillage.seller.goods.vo.PackageVO" alias="package"/>
	
		<typeAlias type="com.activillage.user.book.vo.BookVO" alias="book"/>
		<typeAlias type="com.activillage.user.review.vo.ReviewVO" alias="goodsReview"/>
		<typeAlias type="com.activillage.user.gquestion.vo.GquestionVO" alias="gQuestion"/>
		<typeAlias type="com.activillage.user.ganswer.vo.GanswerVO" alias="gAnswer"/>
		<!-- 매출현황 -->
		<typeAlias type="com.activillage.manager.sales.vo.SalesVO" alias="sales"/>
		<!-- 고객센터 -->
		<typeAlias type="com.activillage.user.notice.vo.NoticeVO" alias="notice"/>
		<typeAlias type="com.activillage.user.inquiry.vo.InquiryVO" alias="inquiry"/>
		<typeAlias type="com.activillage.user.answer.vo.AnswerVO" alias="answer"/>
		<typeAlias type="com.activillage.seller.reservation.vo.ReservationVO" alias="reservation" />
		<typeAlias type="com.activillage.seller.sales.vo.SellerSalesVO"	alias="sellerSales" />
	</typeAliases>
</configuration>