<?xml version="1.0" encoding="UTF-8"?>
<!DOCTYPE tiles-definitions PUBLIC "-//Apache Software Foundation//DTD Tiles Configuration 2.0//EN" "http://tiles.apache.org/dtds/tiles-config_2_0.dtd">

<tiles-definitions>
	<definition name="basic"
		template="/WEB-INF/views/template/manager/contentLayout.jsp">
		<put-attribute name="title" value="관리자 페이지" />
		<put-attribute name="header"
			value="/WEB-INF/views/template/manager/header.jsp" />
		<put-attribute name="footer"
			value="/WEB-INF/views/template/manager/footer.jsp" />
		<put-attribute name="main" value="" />
	</definition>

	<definition name="manager/main/*" extends="basic">
		<put-attribute name="main"
			value="/WEB-INF/views/manager/main/{1}.jsp" />
	</definition>

	<!-- 고객센터 -->
	<definition name="inquiryM/*" extends="basic">
		<put-attribute name="main"
			value="/WEB-INF/views/inquiry/{1}.jsp" />
	</definition>
	
	<definition name="noticeM/*" extends="basic">
		<put-attribute name="main"
			value="/WEB-INF/views/notice/{1}.jsp" />
	</definition>

</tiles-definitions>
