<?xml version="1.0" encoding="UTF-8"?>
<beans:beans xmlns="http://www.springframework.org/schema/mvc"
	xmlns:xsi="http://www.w3.org/2001/XMLSchema-instance"
	xmlns:beans="http://www.springframework.org/schema/beans"
	xmlns:context="http://www.springframework.org/schema/context"
	xmlns:aop="http://www.springframework.org/schema/aop"
	xmlns:tx="http://www.springframework.org/schema/tx"
	xmlns:p="http://www.springframework.org/schema/p"
	xsi:schemaLocation="http://www.springframework.org/schema/mvc http://www.springframework.org/schema/mvc/spring-mvc.xsd
		http://www.springframework.org/schema/beans http://www.springframework.org/schema/beans/spring-beans.xsd
		http://www.springframework.org/schema/context http://www.springframework.org/schema/context/spring-context.xsd
		http://www.springframework.org/schema/aop http://www.springframework.org/schema/aop/spring-aop-4.2.xsd
		http://www.springframework.org/schema/tx http://www.springframework.org/schema/tx/spring-tx-4.2.xsd">

	<!-- DispatcherServlet Context: defines this servlet's request-processing infrastructure -->
	
	<!-- Enables the Spring MVC @Controller programming model -->
	<annotation-driven />

	<!-- <annotation-driven> <message-converters> <beans:bean class="org.springframework.http.converter.StringHttpMessageConverter"> 
		<beans:property name="supportedMediaTypes"> <beans:list> <beans:value>text/plain; 
		charset=euc-kr</beans:value> <beans:value>text/html; charset=euc-kr</beans:value> 
		<beans:value>application/json; charset=euc-kr</beans:value> </beans:list> 
		</beans:property> </beans:bean> </message-converters> </annotation-driven> -->

	<!-- 자동으로 AspectJ 라이브러리를 이용해서 Proxy 객체를 생성해 내는 용도로 사용. -->
	<aop:aspectj-autoproxy />

	<!-- Handles HTTP GET requests for /resources/** by efficiently serving 
		up static resources in the ${webappRoot}/resources directory -->
	<resources mapping="/resources/**" location="/resources/" />
	<resources mapping="/uploadStorage/**"
		location="/uploadStorage/" />
	<resources mapping="/graph/**" location="/graph/" />

	<!-- Resolves views selected for rendering by @Controllers to .jsp resources 
		in the /WEB-INF/views directory <beans:bean class="org.springframework.web.servlet.view.InternalResourceViewResolver" 
		p:viewClass="org.springframework.web.servlet.view.JstlView"> <beans:property 
		name="prefix" value="/WEB-INF/views/" /> <beans:property name="suffix" value=".jsp" 
		/> </beans:bean> -->

	<context:component-scan
		base-package="com.activillage.**.**.**" />

	<!-- 타일즈(tiles) 설정 - 타일즈를 통해서만 ViewResolver 처리 <beans:bean id="tilesViewResolver" 
		class="org.springframework.web.servlet.view.tiles2.TilesViewResolver" /> 
		<beans:bean id="tilesConfigurer" class="org.springframework.web.servlet.view.tiles2.TilesConfigurer"> 
		<beans:property name="definitions"> <beans:list> <beans:value>/WEB-INF/tiles/tiles-setting.xml</beans:value> 
		</beans:list> </beans:property> </beans:bean> -->

	<!-- 타일즈(tiles) 설정 - ViewResolver은 타일즈를 통해서, 설정파일에 존재하지 않으면 우선순위2로 -->
	<beans:bean id="tilesConfigurer"
		class="org.springframework.web.servlet.view.tiles2.TilesConfigurer">
		<beans:property name="definitions">
			<beans:list>
				<beans:value>/WEB-INF/tiles/tiles-setting.xml</beans:value>
				<beans:value>/WEB-INF/tiles/manager-setting.xml</beans:value>
			</beans:list>
		</beans:property>
	</beans:bean>

	<beans:bean id="tilesViewResolver"
		class="org.springframework.web.servlet.view.UrlBasedViewResolver">
		<beans:property name="viewClass"
			value="org.springframework.web.servlet.view.tiles2.TilesView" />
		<beans:property name="order" value="1" /> 
	</beans:bean>

	<beans:bean id="viewResolver"
		class="org.springframework.web.servlet.view.InternalResourceViewResolver">
		<beans:property name="prefix" value="/WEB-INF/views/" />
		<beans:property name="suffix" value=".jsp" />
		<beans:property name="order" value="2" />
	</beans:bean>

	<!-- 첨부파일을 위한 설정 -->
	<beans:bean id="multipartResolver"
		class="org.springframework.web.multipart.commons.CommonsMultipartResolver">
		<beans:property name="defaultEncoding" value="UTF-8" />
		<beans:property name="maxUploadSize" value="100000000" />
		<!-- 5242880 -->
	</beans:bean>




	<!-- Annotaion 방식사용을 위해 반드시 선언해줘야됨 (proxy-target-class 부분은 Controller 및 
		Service 단에서 사용하기 위함) -->
	<tx:annotation-driven />
	
	
	
</beans:beans>
